{"cameraMode":{"drawMode":0,"name":"Shaded","section":"Shading Mode"},"sceneLighting":false,"audioPlay":false,"sceneViewState":{"m_AlwaysRefresh":false,"showFog":true,"showSkybox":false,"showFlares":true,"showImageEffects":true,"showParticleSystems":true,"showVisualEffectGraphs":true,"m_FxEnabled":true},"in2DMode":false,"pivot":{"x":14.681154251098633,"y":3.2003111839294435,"z":-2.5217039585113527},"rotation":{"x":-0.09607908874750138,"y":0.7050641775131226,"z":-0.09763775020837784,"w":-0.6959383487701416},"size":3.4534239768981935,"orthographic":false}