{"cameraMode":{"drawMode":0,"name":"Shaded","section":"Shading Mode"},"sceneLighting":true,"audioPlay":false,"sceneViewState":{"m_AlwaysRefresh":false,"showFog":true,"showSkybox":true,"showFlares":true,"showImageEffects":true,"showParticleSystems":true,"showVisualEffectGraphs":true,"m_FxEnabled":true},"in2DMode":false,"pivot":{"x":-7.575400352478027,"y":2.0927088260650636,"z":-1.8120503425598145},"rotation":{"x":0.010725610889494419,"y":-0.7762461304664612,"z":0.012934831902384758,"w":0.6305662393569946},"size":1.3703653812408448,"orthographic":false}